inventory_id,product_id,stock,warehouse_id,last_stock_date
1,B07JW9H4J1,8,5,28-01-2023
2,B098NS6PVG,98,6,18-11-2025
3,B096MSW6CT,428,1,29-03-2023
4,B08HDJ86NZ,431,9,15-11-2024
5,B08CF3B7N1,391,10,25-07-2023
6,B08Y1TFSP6,216,6,29-01-2024
7,B08WRWPM22,390,5,04-06-2023
8,B08DDRGWTJ,297,1,30-03-2025
9,B008IFXQFU,304,11,22-10-2024
10,B082LZGK39,274,4,25-06-2023
11,B08CF3D7QR,211,6,12-09-2025
12,B0789LZTCJ,317,8,23-02-2024
13,B07KSMBL2H,18,6,09-03-2023
14,B085DTN6R2,275,4,28-07-2025
15,B09KLVMZ3B,46,1,07-06-2024
16,B083342NKJ,254,6,12-04-2023
17,B0B6F7LX4C,495,10,15-03-2023
18,B082LSVT4B,30,11,10-11-2024
19,B08WRBG3XW,165,5,09-03-2024
20,B08DPLCM6T,57,4,01-02-2025
21,B09C6HXFC1,500,5,30-05-2025
22,B085194JFL,64,12,18-03-2023
23,B09F6S8BT6,89,12,02-09-2024
24,B09NHVCHS9,352,1,02-11-2023
25,B0B1YVCJ2Y,299,6,12-11-2024
26,B01M4GGIVU,482,4,06-01-2023
27,B08B42LWKN,74,12,24-07-2023
28,B094JNXNPV,184,6,18-07-2023
29,B09W5XR9RT,294,10,31-12-2024
30,B077Z65HSD,292,3,24-01-2025
31,B00NH11PEY,35,10,02-07-2024
32,B09CMM3VGK,56,7,18-06-2025
33,B08QSC1XY8,173,6,12-03-2025
34,B008FWZGSG,194,1,19-03-2024
35,B0B4HJNPV4,279,2,30-08-2023
36,B08Y1SJVV5,330,8,12-08-2023
37,B07XLCFSSN,104,3,01-01-2023
38,B09RZS1NQT,343,4,01-04-2023
39,B0B3MMYHYW,355,6,06-11-2023
40,B09C6HWG18,275,4,16-02-2024
41,B00NH11KIK,36,5,23-03-2025
42,B09JPC82QC,499,12,01-07-2024
43,B07JW1Y6XV,240,10,06-09-2023
44,B07KRCW6LZ,421,2,16-11-2023
45,B09NJN8L25,173,2,06-05-2025
46,B07XJYYH7L,427,9,30-09-2024
47,B002PD61Y4,447,2,05-09-2023
48,B014I8SSD0,442,5,23-07-2023
49,B09L8DSSFH,283,8,16-04-2025
50,B07232M876,194,2,31-12-2023
51,B07P681N66,252,4,31-08-2023
52,B0711PVX6Z,7,3,06-09-2025
53,B082T6V3DT,191,4,08-09-2023
54,B07MKFNHKG,179,1,11-06-2024
55,B0BFWGBX61,185,6,23-02-2024
56,B01N90RZ4M,474,8,24-03-2025
57,B0088TKTY2,45,4,03-04-2024
58,B09Q5SWVBJ,77,2,08-08-2023
59,B0B4DT8MKT,411,2,20-02-2024
60,B08CDKQ8T6,158,4,14-01-2024
61,B07B275VN9,362,11,06-06-2024
62,B0B15CPR37,194,12,19-02-2025
63,B0994GFWBH,65,10,06-03-2025
64,B01GGKZ0V6,491,4,16-08-2023
65,B09F9YQQ7B,498,3,11-02-2025
66,B014I8SX4Y,171,4,10-06-2023
67,B09Q8HMKZX,488,5,19-07-2024
68,B0B9XN9S3W,390,7,30-01-2023
69,B07966M8XH,39,5,05-01-2023
70,B01GGKYKQM,372,2,08-05-2025
71,B0B86CDHL1,4,6,26-09-2023
72,B0B5ZF3NRK,305,9,17-07-2024
73,B09RFC46VP,131,8,30-07-2024
74,B08R69VDHT,112,10,01-02-2025
75,B09RWZRCP1,217,1,14-02-2024
76,B09CMP1SC8,245,5,27-02-2023
77,B09YLXYP7Y,55,4,22-11-2025
78,B09ZPM4C2C,189,4,22-01-2024
79,B0B2DJDCPX,491,12,08-03-2024
80,B0BCZCQTJX,487,7,15-05-2024
81,B07LGT55SJ,32,8,17-07-2024
82,B09NKZXMWJ,56,9,18-12-2024
83,B08QX1CC14,344,1,02-03-2023
84,B0974H97TJ,339,6,07-07-2025
85,B07GVGTSLN,188,9,02-03-2025
86,B09VCHLSJF,172,6,18-10-2023
87,B0B1YZX72F,261,12,18-06-2024
88,B092BJMT8Q,259,7,03-05-2024
89,B0BMXMLSMM,45,3,08-02-2025
90,B07JH1C41D,456,11,11-02-2024
91,B0141EZMAI,392,9,28-11-2024
92,B09Q5P2MT3,312,1,23-09-2025
93,B08HDH26JX,2,8,23-11-2024
94,B09VT6JKRP,21,12,26-02-2024
95,B09T3KB6JZ,246,3,07-05-2023
96,B093QCY6YJ,489,11,27-05-2024
97,B093ZNQZ2Y,160,7,19-12-2025
98,B08LKS3LSP,198,7,23-05-2024
99,B00V4BGDKU,226,4,07-04-2025
100,B08CHKQ8D4,467,4,20-07-2023
101,B09BW334ML,383,3,08-04-2025
102,B082T6GVLJ,203,4,29-11-2025
103,B07DL1KC3H,278,10,23-02-2024
104,B0B6F98KJJ,171,5,28-07-2025
105,B07JNVF678,11,2,29-09-2025
106,B09QGZFBPM,92,2,12-06-2023
107,B07JGDB5M1,100,12,11-08-2024
108,B0981XSZJ7,311,12,04-01-2025
109,B0B9XLX8VR,458,10,26-01-2024
110,B08Y5KXR6Z,291,5,10-04-2024
111,B09F6VHQXB,460,8,27-11-2023
112,B0974G5Q2Y,262,12,15-12-2023
113,B09YL9SN9B,466,9,02-11-2023
114,B09RX1FK54,61,6,12-11-2025
115,B09TT6BFDX,188,12,03-05-2025
116,B09KH58JZR,7,5,21-02-2025
117,B09DDCQFMT,89,9,21-04-2023
118,B08RP2L2NL,144,5,09-08-2025
119,B0B4G2MWSB,237,1,31-07-2025
120,B0B21C4BMX,143,9,26-02-2025
121,B084MZXJNK,105,4,11-06-2023
122,B0BHZCNC4P,255,9,21-11-2024
123,B0B16KD737,316,10,21-11-2023
124,B099K9ZX65,137,12,14-11-2023
125,B08Y55LPBF,475,3,04-08-2024
126,B015OW3M1W,455,6,19-04-2024
127,B01D5H8ZI8,207,9,01-04-2023
128,B09X1M3DHX,159,4,24-11-2025
129,B09MM6P76N,302,4,22-05-2024
130,B01D5H8LDM,13,7,08-03-2025
131,B0B1YY6JJL,446,7,24-10-2023
132,B09QGZM8QB,277,12,07-02-2024
133,B08L4SBJRY,117,10,30-10-2023
134,B09X79PP8F,306,3,13-08-2023
135,B082T6GVG9,240,12,28-08-2024
136,B0B3XY5YT4,351,11,25-10-2025
137,B0B4HKH19N,142,6,22-08-2025
138,B08TGG316Z,411,6,09-06-2024
139,B071VMP1Z4,366,11,09-05-2025
140,B071SDRGWL,440,4,31-01-2023
141,B08PSQRW2T,332,11,07-09-2023
142,B0859M539M,258,7,22-04-2025
143,B08RX8G496,298,3,08-01-2025
144,B002SZEOLG,305,10,30-08-2025
145,B08CS3BT4L,474,9,28-09-2024
146,B00RFWNJMC,419,11,22-08-2023
147,B082T6GXS5,310,11,28-12-2023
148,B09CMQRQM6,150,6,24-04-2025
149,B005LJQMCK,266,3,05-08-2024
150,B09C6H53KH,253,2,01-08-2025
151,B0BB3CBFBM,309,2,12-12-2024
152,B08QSDKFGQ,319,12,07-09-2023
153,B08PV1X771,56,12,23-06-2024
154,B07YTNKVJQ,204,5,10-04-2024
155,B0117H7GZ6,347,8,27-09-2024
156,B09XJ1LM7R,82,10,22-08-2025
157,B084N133Y7,61,9,17-07-2023
158,B088Z1YWBC,145,5,26-10-2025
159,B07VSG5SXZ,375,2,30-03-2023
160,B08RWCZ6SY,228,12,07-06-2024
161,B07KSB1MLX,284,3,04-01-2023
162,B081FG1QYX,45,11,12-02-2024
163,B08R69WBN7,56,8,11-02-2025
164,B0B3RHX6B6,180,9,21-10-2023
165,B084N18QZY,349,11,01-10-2023
166,B081NHWT6Z,132,12,23-11-2025
167,B07JPJJZ2H,468,12,21-06-2024
168,B09JKNF147,487,8,16-12-2023
169,B0B9959XF3,327,9,29-08-2023
170,B09PNR6F8Q,135,6,01-03-2023
171,B07M69276N,313,2,29-10-2024
172,B0B1YZ9CB8,474,9,26-12-2023
173,B09YLYB9PB,59,3,02-02-2025
174,B08CTNJ985,325,11,12-08-2023
175,B0BP7XLX48,462,5,04-09-2025
176,B09LHXNZLR,415,8,23-09-2024
177,B0B3N8VG24,490,7,05-02-2025
178,B08PSVBB2X,200,6,14-04-2024
179,B0B3MQXNFB,436,9,12-09-2023
180,B08XMSKKMM,401,8,21-03-2024
181,B09L8DT7D6,155,8,18-02-2023
182,B00GE55L22,363,3,28-03-2023
183,B0162K34H2,442,8,30-01-2024
184,B0B8SRZ5SV,335,12,10-09-2023
185,B07CWNJLPC,185,1,30-11-2023
186,B00NH12R1O,402,9,10-02-2025
187,B0B8SSC5D9,56,12,15-01-2024
188,B08WKG2MWT,3,4,09-10-2023
189,B0B466C3G4,263,2,23-01-2025
190,B005LJQMZC,498,10,07-05-2024
191,B07MDRGHWQ,317,11,29-06-2025
192,B07DC4RZPY,42,10,08-11-2024
193,B0B15GSPQW,324,3,04-06-2025
194,B08GJNM9N7,191,3,24-06-2024
195,B09C6FML9B,16,6,25-06-2024
196,B0B65MJ45G,259,10,11-01-2025
197,B08P9RYPLR,88,4,12-08-2025
198,B0B6F8HHR6,304,2,13-01-2025
199,B084MZXJN6,411,9,16-11-2025
200,B08XMG618K,397,6,05-10-2024
201,B0BCKWZ884,434,3,17-11-2023
202,B00GGGOYEK,313,8,16-11-2023
203,B07ZR4S1G4,402,1,15-09-2025
204,B09C635BMM,186,11,08-01-2024
205,B00GG59HU2,181,9,03-08-2024
206,B00RGLI0ZS,467,6,16-10-2024
207,B09ZPJT8B2,69,3,06-08-2024
208,B07HZ2QCGR,164,5,19-03-2023
209,B095244Q22,371,8,25-10-2025
210,B08CKW1KH9,430,10,31-12-2023
211,B0BLV1GNLN,95,10,15-08-2023
212,B08RHPDNVV,336,12,29-10-2025
213,B00NH13Q8W,229,4,03-04-2025
214,B0B8SSZ76F,333,6,23-05-2024
215,B0841KQR1Z,233,1,27-04-2024
216,B0B467CCB9,382,4,27-05-2025
217,B095JQVC7N,105,1,27-10-2023
218,B08PPHFXG3,320,2,08-01-2023
219,B06XR9PR5X,43,10,21-06-2025
220,B09JSW16QD,494,6,25-12-2024
221,B07JH1CBGW,406,7,03-09-2025
222,B09127FZCK,67,10,22-01-2024
223,B083GQGT3Z,332,2,05-02-2025
224,B09Q8WQ5QJ,437,7,15-03-2025
225,B07YZG8PPY,36,6,16-09-2023
226,B09H39KTTB,325,8,16-05-2025
227,B08DCVRW98,407,9,06-07-2024
228,B0718ZN31Q,105,8,09-02-2025
229,B0162LYSFS,418,8,01-08-2024
230,B07PFJ5VQD,121,11,15-04-2023
231,B01J8S6X2I,108,7,03-02-2023
232,B09MJ77786,124,9,16-03-2025
233,B09NNGHG22,341,12,25-05-2025
234,B07V5YF4ND,65,7,21-04-2023
235,B0B65P827P,232,2,13-11-2025
236,B084MZYBTV,170,9,23-07-2025
237,B097ZQTDVZ,464,1,12-06-2024
238,B0B5F3YZY4,115,2,14-11-2024
239,B09G5TSGXV,320,9,24-12-2025
240,B006LW0WDQ,169,9,12-04-2025
241,B09YLX91QR,93,3,29-10-2024
242,B081FJWN52,263,11,04-11-2025
243,B0758F7KK7,199,12,18-08-2025
244,B09L835C3V,228,3,10-09-2023
245,B098TV3L96,139,7,04-08-2025
246,B08NCKT9FG,5,4,29-04-2023
247,B0B4T6MR8N,46,1,25-08-2024
248,B01GGKZ4NU,443,9,04-02-2025
249,B09BW2GP18,411,9,20-12-2023
250,B09WN3SRC7,14,4,12-07-2025
251,B09B125CFJ,45,8,02-02-2025
252,B09RQRZW2X,301,10,26-06-2023
253,B07924P3C5,343,12,05-07-2024
254,B08N1WL9XW,132,6,30-06-2025
255,B07VVXJ2P5,432,1,31-01-2023
256,B0BC8BQ432,25,7,03-09-2025
257,B06XFTHCNY,485,11,01-07-2024
258,B08CT62BM1,25,12,12-06-2024
259,B07CRL2GY6,337,2,26-08-2025
260,B07DWFX9YS,348,6,22-12-2023
261,B01D5H90L4,409,5,13-04-2024
262,B07F1P8KNV,54,2,06-05-2025
263,B084N1BM9L,433,6,27-10-2024
264,B09F6D21BY,93,5,15-11-2024
265,B09LQQYNZQ,405,3,03-03-2023
266,B0BC9BW512,286,11,18-06-2025
267,B0B61HYR92,27,2,13-01-2024
268,B075ZTJ9XR,282,2,11-01-2025
269,B0978V2CP6,117,1,23-08-2023
270,B09LRZYBH1,498,11,18-11-2025
271,B0B997FBZT,304,6,12-04-2024
272,B098LCVYPW,56,2,26-01-2024
273,B09HV71RL1,326,10,07-06-2025
274,B08PZ6HZLT,325,11,24-10-2024
275,B075TJHWVC,180,3,10-09-2023
276,B09LV13JFB,453,4,28-10-2023
277,B092BL5DCX,167,1,22-06-2024
278,B09VH568H7,14,11,15-05-2025
279,B09HQSV46W,401,2,10-09-2025
280,B08TZD7FQN,249,7,20-03-2024
281,B0B21XL94T,413,8,23-02-2025
282,B09PTT8DZF,336,9,25-01-2023
283,B0B94JPY2N,196,1,07-05-2023
284,B0B3XXSB1K,27,6,26-05-2025
285,B08RZ12GKR,364,7,03-05-2023
286,B0B4T8RSJ1,14,6,16-08-2024
287,B0B7B9V9QP,45,9,15-07-2023
288,B08XXVXP3J,91,9,14-04-2024
289,B06XGWRKYT,11,12,18-07-2024
290,B07CWDX49D,337,5,19-07-2023
291,B09TY4MSH3,20,8,28-07-2024
292,B07RY2X9MP,139,4,11-02-2023
293,B0B2C5MJN6,289,4,23-11-2025
294,B0BBMGLQDW,115,2,19-10-2024
295,B01LONQBDG,97,12,19-07-2025
296,B08XXF5V6G,442,5,27-10-2023
297,B09HK9JH4F,55,6,06-06-2025
298,B09MMD1FDN,80,3,03-01-2025
299,B09HN7LD5L,333,12,17-08-2024
300,B0BNDD9TN6,34,4,14-06-2023
301,B0941392C8,40,5,17-06-2024
302,B01M5967SY,70,7,01-08-2023
303,B016MDK4F4,447,7,30-09-2023
304,B08G43CCLC,276,12,27-01-2025
305,B0B61GCHC1,167,11,24-03-2024
306,B07RX14W1Q,241,4,24-12-2023
307,B09PLD9TCD,434,12,24-02-2024
308,B0B8ZKWGKD,403,9,19-04-2025
309,B09NNJ9WYM,208,1,25-10-2024
310,B08H5L8V1L,496,10,18-04-2025
311,B0B8CXTTG3,166,7,03-07-2024
312,B09HCH3JZG,322,5,11-11-2025
313,B097JVLW3L,26,10,18-06-2025
314,B09SB6SJB4,449,2,16-03-2024
315,B08NW8GHCJ,251,10,06-02-2025
316,B09YHLPQYT,169,10,28-05-2025
317,B08G1RW2Q3,92,11,01-08-2023
318,B08YXJJW8H,304,12,14-05-2024
319,B09P8M18QM,445,5,01-06-2024
320,B08BG4M4N7,315,4,06-06-2024
321,B07VJ9ZTXS,237,11,11-01-2023
322,B084872DQY,168,8,24-09-2024
323,B00GGGOYEU,134,5,25-10-2025
324,B08FD2VSD9,376,3,07-05-2023
325,B0BQRJ3C47,29,8,23-04-2024
326,B095JPKPH3,58,5,29-08-2025
327,B087JWLZ2K,421,6,01-03-2025
328,B09DSXK8JX,334,11,06-03-2023
329,B08V9C4B1J,284,7,03-11-2023
330,B08PKBMJKS,429,2,27-01-2023
331,B0B8VQ7KDS,259,4,06-06-2023
332,B086JTMRYL,209,10,29-06-2025
333,B09RWQ7YR6,16,9,18-05-2023
334,B00OFM6PEO,401,9,29-05-2023
335,B0BF57RN3K,355,11,19-07-2023
336,B0B3RRWSF6,242,9,24-03-2024
337,B0B5B6PQCT,57,2,23-04-2023
338,B08HV83HL3,145,8,01-04-2023
339,B0BBN4DZBD,260,11,07-01-2023
340,B0B3CPQ5PF,141,12,02-07-2024
341,B0B3CQBRB4,130,6,02-06-2024
342,B0BBN56J5H,396,11,16-04-2024
343,B0BBN3WF7V,178,7,02-10-2023
344,B0BDRVFDKP,68,2,20-08-2025
345,B0B5LVS732,288,11,12-05-2023
346,B09V2Q4QVQ,38,2,10-11-2024
347,B09V12K8NT,290,5,16-01-2023
348,B01DEWVZ2C,371,11,11-01-2025
349,B0BMGB3CH9,205,6,28-09-2023
350,B08D77XZX5,327,3,11-12-2025
351,B09XB8GFBQ,208,6,26-05-2023
352,B07WG8PDCW,45,5,31-12-2024
353,B07GPXXNNG,88,11,07-06-2025
354,B0BDYVC5TD,435,1,23-01-2023
355,B0BMGB2TPR,272,9,15-01-2023
356,B08MC57J31,334,8,03-12-2025
357,B08HVL8QN3,152,12,12-05-2025
358,B0746JGVDS,157,4,07-08-2023
359,B08VFF6JQ8,459,8,26-07-2025
360,B09NVPSCQT,81,3,06-12-2023
361,B09YV4RG4D,188,6,04-11-2025
362,B09TWHTBKQ,403,10,29-05-2025
363,B08L5HMJVW,40,5,24-01-2024
364,B0B4F2XCK3,181,5,19-04-2024
365,B0BF54972T,369,1,28-05-2023
366,B09YV4MW2T,102,3,05-10-2025
367,B09TWH8YHM,213,12,07-08-2025
368,B07WGMMQGP,302,11,28-05-2023
369,B0BF563HB4,121,8,25-03-2023
370,B09GFPVD9Y,231,4,23-08-2025
371,B09GFLXVH9,49,1,01-07-2023
372,B0BF4YBLPX,418,6,15-12-2023
373,B09XB7DPW1,400,8,31-01-2024
374,B07PFJ5W31,439,10,14-10-2024
375,B0B3N7LR6K,106,6,25-03-2024
376,B09ZQK9X8G,58,12,04-10-2024
377,B07WJV6P1R,341,2,11-12-2024
378,B0BF54LXW6,294,5,28-08-2024
379,B09XB7SRQ5,340,1,22-03-2023
380,B09FFK1PQG,135,7,10-10-2025
381,B09RMQYHLH,68,4,26-08-2025
382,B08ZN4B121,395,10,27-07-2025
383,B0B3RSDSZ3,274,2,04-12-2025
384,B08VB34KJ1,268,9,02-08-2023
385,B09T39K9YL,49,12,23-10-2023
386,B08VF8V79P,224,7,07-04-2023
387,B08G28Z33M,165,11,07-03-2023
388,B09PNKXSKF,456,6,14-01-2025
389,B0B5DDJNH4,394,1,06-08-2025
390,B07WDKLDRX,73,6,30-05-2024
391,B09MQSCJQ1,354,8,02-04-2024
392,B094YFFSMY,208,10,17-08-2025
393,B09MT84WV5,244,12,12-04-2025
394,B08VS3YLRK,67,6,26-05-2024
395,B0B4F3QNDM,300,7,09-07-2024
396,B07GQD4K6L,15,8,21-02-2025
397,B07WDKLRM4,90,9,16-01-2023
398,B0BP18W8TM,109,8,19-08-2025
399,B07GXHC691,107,9,18-09-2023
400,B08FN6WGDQ,184,8,28-02-2023
401,B0B3D39RKV,499,3,28-08-2023
402,B085HY1DGR,206,12,26-08-2023
403,B08D75R3Z1,92,10,11-06-2025
404,B0B4F2TTTS,344,7,26-02-2025
405,B09WRMNJ9G,322,12,05-12-2025
406,B0B14MR9L1,244,4,07-01-2024
407,B09ZPL5VYM,86,9,26-06-2024
408,B0993BB11X,334,5,01-05-2023
409,B09V2PZDX8,203,9,15-12-2023
410,B085W8CFLH,378,11,26-10-2024
411,B09MT6XSFW,148,7,19-08-2024
412,B07RD611Z8,322,11,07-01-2023
413,B0B4F52B5X,259,9,05-04-2025
414,B096VF5YYF,479,9,10-11-2024
415,B0B5D39BCD,74,2,04-05-2024
416,B09XBJ1CTN,343,12,07-06-2023
417,B0B4F5L738,96,12,14-04-2024
418,B08MTCKDYN,471,5,06-03-2023
419,B09QS8V5N8,64,2,31-08-2024
420,B09T2WRLJJ,309,6,06-09-2025
421,B089WB69Y1,153,12,06-03-2024
422,B0116MIKKC,398,6,25-12-2025
423,B09P858DK8,128,6,02-05-2025
424,B07DJLFMPS,145,5,29-01-2023
425,B07WHQWXL7,86,5,29-04-2025
426,B07WDK3ZS6,438,5,20-02-2023
427,B09T2S8X9C,460,2,19-08-2024
428,B07S9S86BF,477,4,08-04-2025
429,B07N8RQ6W7,217,12,07-07-2023
430,B09FKDH6FS,393,5,02-03-2025
431,B08HVJCW95,249,1,15-07-2023
432,B09YDFDVNS,31,4,19-04-2023
433,B07WGPKTS4,225,10,24-03-2024
434,B09MZCQYHZ,131,8,02-02-2023
435,B0B4F2ZWL3,408,3,28-06-2024
436,B08VB2CMR3,67,12,28-08-2023
437,B095RTJH1M,217,11,22-03-2023
438,B097R25DP7,10,6,19-03-2025
439,B09YDFKJF8,13,12,22-10-2025
440,B07WDK3ZS2,214,10,29-10-2024
441,B08RZ5K9YH,385,3,14-01-2023
442,B08444S68L,321,8,18-07-2023
443,B07WHQBZLS,256,9,17-04-2023
444,B09JS562TP,5,8,25-10-2025
445,B09V17S2BG,141,3,16-10-2023
446,B0B5CGTBKV,244,6,08-05-2023
447,B0B23LW7NV,9,9,26-04-2024
448,B09KGV7WSV,446,8,29-06-2025
449,B0971DWFDT,77,7,26-10-2023
450,B0BNV7JM5Y,396,7,17-05-2025
451,B0B53QFZPY,115,5,30-06-2025
452,B07WJWRNVK,455,9,07-10-2024
453,B01F25X6RQ,498,1,12-06-2025
454,B0B244R4KB,377,6,02-07-2023
455,B0BMGG6NKT,22,9,15-03-2023
456,B092JHPL72,403,9,31-01-2025
457,B09GFM8CGS,388,5,22-10-2024
458,B0B3MWYCHQ,364,5,19-05-2023
459,B09J2MM5C6,179,2,07-03-2025
460,B07Q4QV1DL,459,8,13-06-2025
461,B0B56YRBNT,491,2,12-12-2023
462,B01DF26V7A,225,2,20-10-2023
463,B08K4PSZ3V,72,7,17-10-2024
464,B0B4F1YC3J,247,2,09-07-2023
465,B08K4RDQ71,214,8,17-11-2025
466,B085CZ3SR1,340,10,04-05-2023
467,B09YV3K34W,258,4,31-05-2025
468,B09Z6WH2N1,71,1,29-08-2025
469,B09NL4DJ2Z,395,7,19-05-2023
470,B0BGSV43WY,277,11,06-06-2024
471,B0926V9CTV,481,5,07-10-2024
472,B07WGPKMP5,40,4,05-08-2025
473,B0BBFJ9M3X,68,11,24-03-2024
474,B09PLFJ7ZW,283,2,29-10-2024
475,B0B53NXFFR,106,5,15-04-2025
476,B07GNC2592,116,1,04-07-2023
477,B09TP5KBN7,155,11,14-03-2023
478,B0949SBKMP,452,7,10-05-2024
479,B09V175NP7,500,6,22-10-2023
480,B07WHSJXLF,290,2,11-03-2025
481,B0BD3T6Z1D,125,12,13-11-2024
482,B09LHYZ3GJ,3,6,05-05-2024
483,B07WFPMGQQ,479,9,14-06-2023
484,B09QS9X9L8,354,7,20-10-2025
485,B0B6BLTGTT,470,5,05-12-2023
486,B084DTMYWK,143,7,07-01-2023
487,B0B53QLB9H,47,1,13-02-2025
488,B0BDYW3RN3,17,7,11-05-2023
489,B0B3RS9DNF,293,6,14-05-2023
490,B09QS9X16F,438,2,05-11-2025
491,B08HV25BBQ,46,9,08-02-2025
492,B09LJ116B5,366,3,20-02-2024
493,B0BMVWKZ8G,166,4,01-06-2025
494,B0BD92GDQH,197,2,26-05-2025
495,B0B5GF6DQD,182,1,04-09-2024
496,B09JS94MBV,283,2,07-06-2023
497,B09YV463SW,286,6,09-09-2025
498,B09NL4DCXK,491,4,27-04-2023
499,B0B8CHJLWJ,154,12,08-08-2025
500,B0B8ZWNR5T,197,11,20-02-2024
501,B0BBFJLP21,90,6,03-06-2023
502,B01F262EUU,145,3,15-05-2023
503,B09VZBGL1N,448,2,03-03-2025
504,B0BNVBJW2S,493,10,12-12-2025
505,B0B2DJ5RVQ,66,5,12-06-2023
506,B096TWZRJC,167,12,10-05-2023
507,B09GP6FBZT,34,3,24-11-2023
508,B0B3DV7S9B,406,11,15-06-2023
509,B09MKP344P,404,4,06-05-2024
510,B08JW1GVS7,105,1,20-07-2025
511,B09LHZSMRR,349,7,03-04-2023
512,B0B5V47VK4,407,4,21-03-2023
513,B08H21B6V7,418,9,24-11-2023
514,B09BNXQ6BR,308,12,28-06-2025
515,B01FSYQ2A4,484,8,04-01-2025
516,B08L5FM4JC,239,12,10-04-2024
517,B0B54Y2SNX,188,7,03-08-2025
518,B08BQ947H3,329,2,30-08-2024
519,B0B7DHSKS7,281,10,14-02-2023
520,B09SJ1FTYV,189,3,22-09-2024
521,B09XJ5LD6L,245,3,06-03-2023
522,B07WHS7MZ1,311,5,22-11-2024
523,B0BBVKRP7B,98,8,13-01-2023
524,B09NY7W8YD,134,10,28-02-2025
525,B0BMM7R92G,355,2,04-09-2024
526,B08M66K48D,121,1,31-01-2024
527,B09RFB2SJQ,442,5,15-11-2025
528,B0B82YGCF6,184,3,16-10-2024
529,B08HF4W2CT,421,6,04-10-2023
530,B08BCKN299,148,10,25-10-2024
531,B0B2X35B1K,414,3,07-06-2024
532,B09QS9CWLV,260,6,13-12-2023
533,B0B1NX6JTN,132,2,26-05-2023
534,B078G6ZF5Z,385,7,26-04-2024
535,B0BBW521YC,75,6,20-02-2024
536,B09HSKYMB3,270,7,07-10-2024
537,B09YV42QHZ,120,4,11-08-2023
538,B09BF8JBWX,474,11,24-01-2024
539,B0B5YBGCKD,5,6,13-03-2024
540,B09MY4W73Q,50,11,25-05-2025
541,B09T37CKQ5,55,2,10-04-2024
542,B09GFPN6TP,343,11,11-09-2023
543,B0B298D54H,252,3,14-05-2024
544,B08VB57558,356,7,28-02-2024
545,B0B9BXKBC7,367,12,19-08-2025
546,B09NY6TRXG,261,3,21-04-2023
547,B09NVPJ3P4,483,4,13-09-2023
548,B0B3NDPCS9,371,11,28-01-2025
549,B09VGKFM7Y,378,3,27-12-2023
550,B07QCWY5XV,416,2,06-06-2023
551,B098QXR9X2,53,9,06-06-2023
552,B07H1S7XW8,483,10,03-03-2023
553,B0BNXFDTZ2,339,12,18-03-2024
554,B088ZFJY82,259,8,11-04-2023
555,B0B4F4QZ1H,453,4,12-03-2024
556,B09BCNQ9R2,23,10,28-02-2024
557,B0B9BD2YL4,96,9,10-05-2023
558,B071Z8M4KX,322,11,18-06-2023
559,B09N3ZNHTY,420,1,15-05-2025
560,B005FYNT3G,9,9,28-11-2023
561,B01J0XWYKQ,287,10,10-11-2023
562,B09CTRPSJR,336,11,13-04-2025
563,B08JQN8DGZ,325,2,03-11-2025
564,B0B72BSW7K,136,4,02-09-2023
565,B08TV2P1N8,391,6,22-02-2024
566,B07XCM6T4N,215,3,29-11-2025
567,B07T5DKR5D,452,6,23-05-2024
568,B07PR1CL3S,367,9,01-11-2025
569,B07JQKQ91F,185,9,18-01-2023
570,B08W56G1K9,396,8,10-12-2025
571,B01L8ZNWN2,337,10,22-09-2025
572,B009VCGPSY,256,1,11-06-2025
573,B0B296NTFV,208,9,25-07-2025
574,B07TCN5VR9,291,1,10-10-2025
575,B00ZYLMQH0,143,5,01-01-2024
576,B01HJI0FS2,133,5,07-05-2025
577,B076B8G5D8,475,4,21-11-2023
578,B014SZO90Y,478,10,06-12-2024
579,B07KCMR8D6,369,11,20-12-2025
580,B00N1U9AJS,139,9,20-02-2025
581,B07KY3FNQP,14,12,13-07-2024
582,B07QZ3CZ48,351,8,16-01-2024
583,B09T3H12GV,450,3,01-03-2023
584,B08ZJDWTJ1,413,8,24-03-2023
585,B08FTFXNNB,130,3,02-02-2025
586,B08YDFX7Y1,474,11,10-11-2023
587,B087FXHB6J,283,10,23-06-2024
588,B07N42JB4S,46,5,17-03-2023
589,B0B31BYXQQ,198,9,07-08-2025
590,B07SLMR1K6,422,7,29-02-2024
591,B092X94QNQ,331,11,25-01-2024
592,B0846D5CBP,171,10,09-08-2023
593,B00KXULGJQ,182,9,13-03-2025
594,B08H9Z3XQW,213,11,07-02-2025
595,B08LPJZSSW,368,2,10-12-2025
596,B08CYPB15D,27,4,13-07-2024
597,B00MFPCY5C,275,5,09-07-2024
598,B07JJFSG2B,493,5,28-11-2024
599,B09NR6G588,123,7,26-10-2024
600,B07JPX9CR7,290,4,20-07-2025
601,B08D11DZ2W,464,7,19-12-2023
602,B07Q7561HD,111,5,25-01-2024
603,B0819HZPXL,349,8,06-12-2024
604,B00LXTFMRS,259,11,30-04-2023
605,B0B9LDCX89,36,8,25-05-2023
606,B0765B3TH7,426,10,05-01-2025
607,B0B1F6GQPS,208,2,12-02-2025
608,B07LG59NPV,156,11,19-08-2024
609,B00AXHBBXU,199,6,18-05-2025
610,B08MCD9JFY,341,5,29-11-2025
611,B083RCTXLL,268,12,01-05-2023
612,B08HLZ28QC,240,2,18-12-2024
613,B07GVR9TG7,247,1,11-04-2023
614,B0856HY85J,59,2,25-02-2025
615,B07CD2BN46,444,1,09-06-2024
616,B07PLHTTB4,85,11,27-12-2023
617,B077T3BG5L,423,11,14-03-2024
618,B079Y6JZC8,457,10,26-11-2024
619,B0856HNMR7,5,7,05-05-2025
620,B0B12K5BPM,266,6,19-12-2024
621,B00LVMTA2A,88,3,21-12-2024
622,B07TR5HSR9,11,10,11-01-2025
623,B0819ZZK5K,147,4,08-09-2024
624,B08QJJCY2Q,9,12,09-06-2025
625,B07L5L4GTB,273,9,09-07-2024
626,B07L8KNP5F,273,11,12-08-2024
627,B08CF4SCNP,368,2,19-03-2025
628,B09XX51X2G,55,8,27-12-2025
629,B01M72LILF,165,8,05-08-2024
630,B00LZLQ624,225,7,09-10-2024
631,B09GB5B4BK,487,3,07-12-2025
632,B015ZXUDD0,333,4,04-06-2025
633,B09PL79D2X,306,12,07-06-2025
634,B098K3H92Z,325,1,25-01-2023
635,B084PJSSQ1,297,11,04-11-2025
636,B097C564GC,482,4,02-09-2025
637,B08CYNJ5KY,113,7,07-04-2023
638,B00Y4ORQ46,494,10,28-12-2024
639,B074CWD7MS,238,8,13-03-2023
640,B00A0VCJPI,216,8,17-07-2024
641,B00UGZWM2I,110,4,28-05-2024
642,B00R1P3B4O,477,1,01-09-2024
643,B09DG9VNWB,27,6,23-07-2025
644,B09Y5MP7C4,172,1,23-11-2024
645,B01DJJVFPC,355,11,14-08-2023
646,B07DFYJRQV,105,4,13-02-2024
647,B08L879JSN,442,4,18-08-2024
648,B08TDJNM3G,392,8,02-07-2023
649,B06XSK3XL6,499,11,02-10-2023
650,B07YNTJ8ZM,358,5,24-09-2025
651,B07KR5P3YD,356,4,15-05-2025
652,B08FB2LNSZ,256,9,17-07-2023
653,B01IBRHE3E,120,12,30-12-2024
654,B01N6LU1VF,10,3,11-06-2024
655,B07XLML2YS,457,2,12-03-2025
656,B086WMSCN3,62,6,10-04-2023
657,B003B00484,432,6,02-12-2025
658,B003L62T7W,195,4,08-11-2023
659,B09P18XVW6,106,2,13-12-2023
660,B00LZLPYHW,227,12,05-04-2023
661,B00NNQMYNE,434,12,01-12-2025
662,B0B217Z5VK,240,8,20-11-2024
663,B07B88KQZ8,352,9,19-11-2025
664,B07Z3K96FR,214,3,30-07-2024
665,B0756CLQWL,190,5,07-03-2023
666,B004IO5BMQ,9,12,03-10-2023
667,B01HGCLUH6,46,9,29-06-2023
668,B01N4EV2TL,200,9,09-05-2025
669,B08MZQBFLN,240,3,21-12-2023
670,B0752LL57V,116,12,28-03-2025
671,B09Z28BQZT,23,2,13-09-2024
672,B094DQWV9B,279,2,09-11-2025
673,B0BBMPH39N,289,8,02-08-2024
674,B097JQ1J5G,370,5,19-06-2025
675,B07YY1BY5B,281,2,10-08-2023
676,B08VRMK55F,352,3,27-10-2025
677,B08CHZ3ZQ7,40,11,06-08-2025
678,B08SCCG9D4,488,12,29-12-2024
679,B0972BQ2RS,396,4,31-07-2023
680,B00ZRBWPA0,302,5,14-08-2023
681,B0B2DD66GS,86,12,12-12-2025
682,B09M869Z5V,239,7,15-10-2023
683,B07W6VWZ8C,138,4,24-03-2024
684,B07Z1X6VFC,221,4,22-06-2024
685,B07YL54NVJ,228,12,30-01-2025
686,B0759QMF85,272,12,02-08-2023
687,B00LM4X0KU,205,11,18-12-2025
688,B08PFSZ7FH,162,5,08-02-2024
689,B012MQS060,494,4,25-08-2025
690,B01MF8MB65,146,6,13-08-2025
691,B00LHZWD0C,56,5,01-08-2025
692,B08QDPB1SL,94,8,04-07-2025
693,B07BRKK9JQ,481,11,24-06-2024
694,B01EZ0X3L8,304,4,21-07-2025
695,B00LM4W1N2,448,12,11-09-2023
696,B08YD264ZS,226,2,22-02-2023
697,B00GZLB57U,126,4,20-09-2023
698,B07V82W5CN,226,9,18-05-2025
699,B08HD7JQHX,350,3,31-07-2023
700,B0B31FR4Y2,169,6,09-08-2023
701,B09Y14JLP3,479,3,07-07-2024
702,B09ZHCJDP1,224,4,25-03-2024
703,B08C4Z69LN,231,11,14-07-2025
704,B016XVRKZM,138,11,11-02-2023
705,B00LHZW3XY,128,12,30-07-2023
706,B098JYT4SY,469,9,19-11-2024
707,B08CFCK6CW,462,7,28-12-2025
708,B09P564ZTJ,110,7,21-06-2023
709,B07MSLTW8Z,99,3,06-07-2024
710,B09N6TTHT6,188,10,13-05-2024
711,B098R25TGC,204,4,08-03-2023
712,B0B2PQL5N3,455,9,19-09-2023
713,B07DKZCZ89,231,6,26-07-2025
714,B08GYG6T12,482,5,25-11-2024
715,B09BN2NPBD,146,1,23-10-2025
716,B00J4YG0PC,144,3,01-02-2023
717,B073BRXPZX,412,1,19-05-2023
718,B08LHTJTBB,302,12,22-09-2025
719,B07VTFN6HM,265,6,30-11-2025
720,B008QS9J6Y,208,12,29-07-2025
721,B09M8888DM,35,11,10-01-2023
722,B07Z1YVP72,366,7,11-04-2025
723,B082FTPRSK,351,8,10-03-2025
724,B09RF2QXGX,421,10,24-02-2024
725,B01KK0HU3Y,252,9,19-01-2024
726,B07JF9B592,198,11,03-02-2024
727,B086394NY5,444,12,07-03-2023
728,B017PDR9N0,297,9,08-10-2025
729,B07NC12T2R,365,10,27-03-2023
730,B07WKBD37W,376,11,24-09-2025
731,B08JMC1988,484,10,28-12-2025
732,B09GFN8WZL,416,1,10-01-2024
733,B095X38CJS,337,12,20-10-2025
734,B07ZKD8T1Q,120,12,13-11-2025
735,B07G3YNLJB,266,2,13-05-2024
736,B00P93X2H6,55,4,27-01-2023
737,B0798PJPCL,450,3,07-04-2025
738,B09GFWJDY1,2,9,28-07-2024
739,B09MZ6WZ6V,41,10,27-01-2024
740,B094QZLJQ6,404,11,15-11-2024
741,B07L3NDN24,366,12,03-11-2023
742,B08WD18LJZ,133,7,14-02-2025
743,B06XDKWLJH,146,5,13-09-2025
744,B01J1CFO5I,210,12,20-10-2024
745,B07J2NGB69,372,12,31-01-2024
746,B00MUTWLW4,74,11,31-12-2023
747,B017NC2IPM,11,6,04-11-2024
748,B00N1U7JXM,332,7,16-09-2024
749,B08HQL67D6,377,9,12-08-2025
750,B09RKFBCV7,424,11,02-12-2025
751,B08KHM9VBJ,256,9,12-08-2024
752,B01IOZUHRS,385,6,24-01-2023
753,B00CEQEGPI,134,8,09-11-2024
754,B08B6XWQ1C,92,1,10-08-2024
755,B01DGVKBC6,65,9,28-02-2023
756,B08JD36C6H,114,5,02-11-2023
757,B00E3DVQFS,338,8,28-03-2024
758,B00BN5SNF0,495,5,12-07-2023
759,B09SGGRKV8,435,12,26-12-2023
760,B084BR3QX8,98,11,05-08-2024
761,B09VC2D2WG,337,9,27-10-2025
762,B09163Q5CD,403,2,04-05-2023
763,B08K9PX15C,466,12,18-05-2024
764,B083RD1J99,443,3,02-08-2025
765,B09Z7YGV3R,311,3,12-07-2024
766,B00N3XLDW0,423,1,29-08-2024
767,B07Z53L5QL,310,7,05-04-2025
768,B00P93X0VO,251,4,10-10-2024
769,B07SBGFDX9,351,6,19-12-2025
770,B07X2L5Z8C,321,8,23-04-2024
771,B00VA7YYUO,430,2,06-10-2024
772,B07L9FW9GF,478,3,27-12-2023
773,B08D64C9FN,248,3,25-01-2023
774,B00LOD70SC,422,6,25-06-2023
775,B09X76VL5L,168,7,08-04-2023
776,B091JF2TFD,90,3,12-01-2023
777,B07S7DCJKS,137,8,04-11-2023
778,B09NC2TY11,118,3,14-03-2023
779,B0BDS8MY8J,121,12,22-06-2023
780,B09X7DY7Q4,237,9,26-01-2024
781,B09YV575RK,30,7,04-02-2023
782,B08LW31NQ6,5,10,24-09-2024
783,B09ND94ZRG,142,3,17-04-2025
784,B00P93X6EK,286,6,17-04-2024
785,B0994GP1CX,187,1,30-10-2024
786,B07H8W9PB6,321,10,17-06-2025
787,B09NNHFSSF,89,1,22-01-2024
788,B08D9NDZ1Y,352,12,19-03-2023
789,B0085IATT6,68,11,21-12-2025
790,B08WJ86PV2,410,5,20-09-2023
791,B078HRR1XV,348,12,01-07-2024
792,B09P22HXH6,112,1,06-09-2023
793,B00LM4X3XE,431,2,24-02-2025
794,B09YLFHFDW,262,6,01-01-2023
795,B07YWS9SP9,336,8,12-10-2024
796,B08WLY8V9S,143,2,23-04-2023
797,B0873L7J6X,208,5,21-01-2024
798,B07YNHCW6N,414,7,04-01-2023
799,B01MQ2A86A,500,2,15-07-2024
800,B00KIE28X0,430,2,06-02-2025
801,B0BHYJ8CVF,260,3,11-09-2023
802,B0BCVJ3PVP,87,5,08-01-2024
803,B0B2931FCV,114,11,19-08-2023
804,B09TMZ1MF8,381,12,05-12-2023
805,B07VV37FT4,31,2,02-02-2025
806,B07JB2Y4SR,65,4,22-02-2023
807,B08KRMK9LZ,99,12,02-01-2024
808,B08LT9BMPP,369,2,20-11-2023
809,B0814ZY6FP,291,10,21-03-2024
810,B09F3PDDRF,474,12,06-10-2023
811,B07X963JNS,474,9,06-10-2024
812,B09LD3116F,144,3,04-09-2023
813,B08Y5QJTVK,119,6,10-10-2025
814,B00LY1FN1K,88,3,16-03-2023
815,B07DJ5KYDZ,365,5,24-07-2023
816,B009LJ2BXA,200,2,23-06-2023
817,B09BVCVTBC,353,2,18-04-2023
818,B07SY4C3TD,114,11,26-11-2024
819,B094JB13XL,493,2,18-10-2023
820,B08CRRQK6Z,168,10,01-01-2023
821,B08MTLLSL8,257,11,08-09-2025
822,B08Y57TPDM,339,3,31-08-2024
823,B09CYTJV3N,408,5,01-07-2023
824,B07GLNJC25,325,6,20-05-2024
825,B08FY4FG5X,364,11,04-09-2023
826,B07TMCXRFV,352,12,15-09-2024
827,B00LZPQVMK,319,10,08-09-2023
828,B08X77LM8C,483,10,17-08-2025
829,B01EJ5MM5M,248,7,27-06-2023
830,B08J82K4GX,11,11,09-05-2024
831,B07Z1Z77ZZ,304,11,06-08-2023
832,B00DJ5N9VK,55,6,30-07-2023
833,B08FGNPQ9X,410,4,19-07-2024
834,B07NTKGW45,416,7,22-08-2023
835,B08J4PL1Z3,26,2,02-07-2025
836,B07XJWTYM2,56,1,21-08-2024
837,B09939XJX8,345,9,09-09-2024
838,B09MDCZJXS,70,1,04-12-2025
839,B08CTQP51L,134,11,12-04-2025
840,B0BG62HMDJ,194,3,13-12-2024
841,B08GTYFC37,322,1,02-03-2023
842,B08SBH499M,323,3,21-01-2024
843,B08FYB5HHK,97,7,10-10-2025
844,B0B5GJRTHB,74,11,23-01-2025
845,B09GBBJV72,312,8,23-02-2024
846,B07P434WJY,191,11,25-09-2023
847,B07T9FV9YP,26,12,16-09-2023
848,B08WKFSN84,193,6,07-10-2024
849,B09TBCVJS3,352,12,23-04-2025
850,B08TR61BVK,316,12,08-08-2025
851,B0B2CPVXHX,450,7,13-07-2023
852,B08XNL93PL,484,2,29-06-2025
853,B088GXTJM3,237,10,19-10-2023
854,B099S26HWG,411,5,28-09-2024
855,B08461VC1Z,49,4,08-02-2023
856,B00K32PEW4,178,10,14-02-2023
857,B07LFWP97N,66,6,11-07-2025
858,B0746N6WML,127,11,18-02-2024
859,B07W9KYT62,158,11,05-12-2023
860,B08D9MNH4B,412,1,20-07-2025
861,B09MKG4ZCM,341,4,27-07-2025
862,B07RZZ1QSW,202,9,03-02-2023
863,B07222HQKP,443,9,21-05-2025
864,B00NFD0ETQ,241,9,09-11-2025
865,B075DB1F13,423,2,13-06-2025
866,B0148NPH9I,482,1,10-01-2024
867,B01JOFKL0A,419,12,07-10-2023
868,B079S811J3,278,12,16-10-2023
869,B0083T231O,147,1,06-12-2024
870,B086PXQ2R4,7,3,03-07-2024
871,B07L1N3TJX,384,2,06-04-2025
872,B07YFWVRCM,442,7,27-05-2025
873,B08TDJ5BVF,336,5,30-11-2025
874,B09XXZXQC1,351,1,16-10-2024
875,B083T5G5PM,163,7,25-07-2023
876,B0BHVPTM2C,84,6,24-09-2023
877,B01NBX5RSB,265,2,20-06-2024
878,B08MWJTST6,208,1,06-02-2023
879,B07R99NBVB,170,11,17-08-2024
880,B00LY12TH6,361,8,16-01-2024
881,B08497Z1MQ,144,8,14-05-2023
882,B07KNM95JK,174,11,14-03-2023
883,B09Q3M3WLJ,154,10,08-06-2025
884,B09B9SPC7F,346,2,02-08-2025
885,B099SD8PRP,74,10,17-09-2025
886,B00S2SEV7K,87,7,11-09-2023
887,B08WKCTFF3,48,6,17-11-2025
888,B08498D67S,114,5,14-05-2024
889,B00C3GBCIS,115,4,05-01-2025
890,B00URH5E34,418,4,01-09-2024
891,B00EYW1U68,313,11,12-02-2023
892,B08SMJT55F,213,10,11-10-2023
893,B08Y7MXFMK,258,9,18-07-2025
894,B086Q3QMFS,107,2,08-02-2024
895,B08498H13H,364,3,14-04-2023
896,B07LFQLKFZ,257,6,13-04-2023
897,B00LY17RHI,22,11,09-11-2023
898,B07W14CHV8,204,5,13-01-2025
899,B09F5Z694W,314,9,23-11-2024
900,B0B25LQQPC,96,5,20-01-2023
901,B01LYLJ99X,26,6,07-06-2024
902,B014SZPBM4,223,6,03-01-2025
903,B08CZHGHKH,40,10,16-01-2025
904,B0B2RBP83P,382,5,22-08-2025
905,B078W65FJ7,397,10,14-05-2024
906,B08S74GTBT,482,1,08-12-2024
907,B07QMRHWJD,448,5,29-05-2024
908,B07W7Z6DVL,443,12,08-09-2024
909,B07WMS7TWB,386,11,14-10-2023
910,B00H47GVGY,303,6,05-02-2023
911,B07VX71FZP,163,6,27-07-2024
912,B07NCKMXVZ,481,10,07-07-2024
913,B0B61DSF17,93,9,27-06-2023
914,B07VQGVL68,37,2,07-03-2024
915,B01LWYDEQ7,455,12,16-07-2025
916,B07VNFP3C2,475,10,06-08-2024
917,B00LUGTJGO,462,5,24-08-2024
918,B01MQZ7J8K,94,9,27-09-2023
919,B01GFTEV5Y,72,10,29-04-2024
920,B00NW4UWN6,341,9,17-11-2024
921,B01NCVJMKX,447,5,29-07-2025
922,B00O24PUO6,224,10,15-11-2023
923,B07GXPDLYQ,379,4,20-04-2025
924,B01C8P29N0,436,5,08-01-2023
925,B08KDBLMQP,421,11,18-10-2024
926,B078JDNZJ8,11,10,29-11-2024
927,B01M5F614J,497,8,14-09-2024
928,B083GKDRKR,333,11,24-12-2025
929,B097R2V1W8,363,5,16-02-2025
930,B07YR26BJ3,451,7,18-05-2023
931,B097R45BH8,279,9,08-02-2024
932,B09X5C9VLK,259,11,12-12-2023
933,B01C8P29T4,6,12,11-05-2023
934,B00HVXS7WC,368,10,19-11-2024
935,B096YCN3SD,178,2,26-11-2023
936,B09LQH3SD9,53,2,03-12-2023
937,B09KNMLH4Y,302,12,29-10-2025
938,B00ABMASXG,195,3,01-08-2024
939,B07QDSN9V6,53,2,16-05-2024
940,B00YMJ0OI8,500,7,07-06-2025
941,B0B8XNPQPN,424,6,26-01-2025
942,B0814P4L98,114,11,10-03-2025
943,B008QTK47Q,444,4,22-05-2025
944,B088ZTJT2R,24,11,01-01-2023
945,B0BK1K598K,420,11,27-08-2024
946,B09Y5FZK9N,103,6,31-01-2024
947,B09J2SCVQT,40,6,25-03-2023
948,B00TDD0YM4,420,5,22-03-2025
949,B078KRFWQB,234,11,27-01-2023
950,B07SRM58TP,428,6,17-01-2025
951,B00EDJJ7FS,290,5,06-04-2025
952,B0832W3B7Q,135,7,07-07-2023
953,B07WNK1FFN,107,6,26-06-2025
954,B009P2LK08,353,9,26-10-2023
955,B07DGD4Z4C,369,11,04-02-2024
956,B07GMFY9QM,415,3,23-02-2025
957,B0BGPN4GGH,386,8,24-01-2025
958,B0B2DZ5S6R,134,12,25-07-2025
959,B07S851WX5,336,7,27-07-2023
960,B01MY839VW,413,7,08-09-2023
961,B09LV1CMGH,213,11,15-01-2025
962,B01EY310UM,384,6,16-03-2025
963,B09NL7LBWT,205,5,06-08-2025
964,B008YW8M0G,203,4,28-01-2023
965,B097R3XH9R,196,6,13-05-2024
966,B08TM71L54,260,7,27-11-2024
967,B0BPBXNQQT,229,2,23-08-2023
968,B00W56GLOQ,28,7,22-06-2023
969,B0883KDSXC,235,10,17-04-2025
970,B078V8R9BS,306,4,10-03-2025
971,B08GSQXLJ2,143,10,12-01-2024
972,B01M5B0TPW,475,3,12-04-2025
973,B082KVTRW8,159,5,09-04-2024
974,B08CFJBZRK,216,10,16-02-2024
975,B07H3WDC4X,257,6,19-12-2023
976,B09ZTZ9N3Q,176,7,21-06-2023
977,B083P71WKK,365,9,16-01-2024
978,B097R4D42G,254,10,27-02-2024
979,B07MKMFKPG,227,8,05-08-2024
980,B0949FPSFY,35,8,16-08-2024
981,B08F47T4X5,114,12,17-03-2024
982,B01M0505SJ,212,12,21-05-2024
983,B08D6RCM3Q,59,1,25-04-2023
984,B009P2LITG,485,9,20-08-2025
985,B00V9NHDI4,244,7,20-05-2025
986,B07WGPBXY9,188,4,03-04-2023
987,B00KRCBA6E,382,6,02-08-2024
988,B0B3X2BY3M,104,6,16-03-2023
989,B00F159RIK,219,11,24-07-2023
990,B08MV82R99,471,5,12-01-2025
991,B09VKWGZD7,321,11,24-04-2023
992,B009P2LK80,55,9,15-03-2025
993,B00A7PLVU6,195,5,30-09-2024
994,B0B25DJ352,192,1,08-10-2025
995,B013B2WGT6,342,6,07-12-2025
996,B097RJ867P,461,7,14-07-2025
997,B091V8HK8Z,219,1,18-09-2024
998,B071VNHMX2,436,7,22-02-2024
999,B08MVSGXMY,338,3,20-02-2024
1000,B00H0B29DI,66,9,02-08-2024
1001,B01GZSQJPA,207,3,01-06-2025
1002,B08VGFX2B6,255,2,22-10-2023
1003,B09GYBZPHF,44,8,18-10-2023
1004,B0B4KPCBSH,209,7,03-04-2024
1005,B09CGLY5CX,222,7,20-11-2024
1006,B09JN37WBX,118,10,25-07-2025
1007,B01I1LDZGA,193,11,25-04-2023
1008,B0BN2576GQ,476,8,01-04-2023
1009,B06XPYRWV5,254,11,22-11-2023
1010,B01N1XVVLC,387,3,10-10-2025
1011,B00O2R38C4,211,6,04-02-2024
1012,B0B2CZTCL2,211,2,02-07-2025
1013,B00PVT30YI,235,12,14-06-2024
1014,B00SH18114,210,6,04-06-2025
1015,B00E9G8KOY,321,2,19-08-2025
1016,B00H3H03Q4,130,1,03-05-2025
1017,B0756K5DYZ,80,7,17-11-2023
1018,B0188KPKB2,484,12,14-08-2023
1019,B091KNVNS9,418,4,18-09-2023
1020,B075JJ5NQC,440,10,07-06-2024
1021,B0B5KZ3C53,417,6,06-06-2024
1022,B09NTHQRW3,89,5,07-07-2025
1023,B008YW3CYM,304,2,21-06-2024
1024,B07QHHCB27,220,5,21-07-2025
1025,B0BMFD94VD,216,2,12-01-2024
1026,B00HZIOGXW,409,9,08-09-2024
1027,B09CKSYBLR,13,10,30-05-2023
1028,B072J83V9W,470,11,27-11-2024
1029,B09MTLG4TP,262,2,06-09-2025
1030,B097XJQZ8H,104,9,15-05-2024
1031,B00935MD1C,251,1,04-02-2023
1032,B0BR4F878Q,323,4,28-03-2024
1033,B0B3G5XZN5,179,7,26-08-2023
1034,B07WKB69RS,496,8,05-05-2025
1035,B09DL9978Y,174,4,20-01-2023
1036,B06XMZV7RH,331,11,23-05-2024
1037,B09WMTJPG7,272,6,24-03-2023
1038,B09ZK6THRR,306,9,27-06-2023
1039,B07MP21WJD,278,11,13-02-2024
1040,B09XB1R2F3,29,7,28-02-2025
1041,B08Y5QJXSR,353,3,04-04-2025
1042,B07WJXCTG9,316,9,21-09-2024
1043,B09NBZ36F7,213,12,15-01-2025
1044,B0912WJ87V,32,1,27-06-2023
1045,B0BMTZ4T1D,6,9,02-02-2024
1046,B07Z51CGGH,447,6,21-06-2025
1047,B0BDG6QDYD,197,4,17-12-2025
1048,B00YQLG7GK,477,5,27-02-2023
1049,B00SMJPA9C,413,5,23-04-2023
1050,B0B9RN5X8B,50,7,02-07-2024
1051,B08QW937WV,202,7,02-06-2023
1052,B0B4PPD89B,103,1,20-07-2023
1053,B08GM5S4CQ,102,6,24-03-2025
1054,B00NM6MO26,269,6,04-08-2024
1055,B083M7WPZD,293,7,01-02-2024
1056,B07GLSKXS1,322,1,30-06-2023
1057,B09F6KL23R,401,9,18-08-2024
1058,B094G9L9LT,263,9,10-02-2023
1059,B09FZ89DK6,161,11,13-01-2023
1060,B0811VCGL5,458,5,06-09-2025
1061,B07FXLC2G2,363,12,06-12-2025
1062,B01LYU3BZF,184,9,19-09-2025
1063,B083RC4WFJ,400,12,02-06-2024
1064,B09SFRNKSR,86,5,20-04-2023
1065,B07NRTCDS5,256,8,14-05-2024
1066,B07SPVMSC6,423,4,17-05-2023
1067,B09H3BXWTK,234,10,19-10-2023
1068,B0073QGKAS,173,11,15-04-2024
1069,B08GJ57MKL,387,5,30-07-2024
1070,B009DA69W6,172,9,04-07-2024
1071,B099PR2GQJ,175,12,17-02-2023
1072,B08G8H8DPL,464,4,15-06-2025
1073,B08VGM3YMF,492,2,08-05-2023
1074,B08TTRVWKY,67,7,22-10-2024
1075,B07T4D9FNY,392,5,03-06-2023
1076,B07RX42D3D,406,11,23-12-2024
1077,B08WRKSF9D,327,9,30-06-2025
1078,B09R83SFYV,424,5,16-12-2023
1079,B07989VV5K,375,11,23-01-2025
1080,B07FL3WRX5,217,4,02-04-2025
1081,B0BPCJM7TB,109,1,08-06-2025
1082,B08H673XKN,56,3,04-01-2025
1083,B07DXRGWDJ,469,2,24-11-2025
1084,B08243SKCK,100,8,22-04-2025
1085,B09SPTNG58,117,2,10-06-2025
1086,B083J64CBB,124,4,01-08-2025
1087,B08JV91JTK,446,9,11-02-2024
1088,B0BQ3K23Y1,202,9,22-12-2024
1089,B09MT94QLL,201,10,26-05-2024
1090,B07NKNBTT3,229,1,13-11-2024
1091,B09KPXTZXN,406,2,03-05-2023
1092,B078HG2ZPS,346,1,05-11-2024
1093,B07N2MGB3G,138,4,11-05-2024
1094,B008LN8KDM,434,7,02-09-2023
1095,B08MZNT7GP,312,3,11-11-2023
1096,B009P2L7CO,372,6,16-02-2024
1097,B07YC8JHMB,94,2,09-04-2025
1098,B0BNQMF152,134,4,03-05-2024
1099,B08J7VCT12,189,8,05-05-2024
1100,B0989W6J2F,396,3,01-07-2023
1101,B0B84KSH3X,455,6,03-02-2023
1102,B08HLC7Z3G,158,10,25-09-2025
1103,B0BN6M3TCM,419,2,21-09-2023
1104,B01L6MT7E0,327,9,24-03-2024
1105,B0B9F9PT8R,1,7,20-05-2025
1106,B0883LQJ6B,95,9,29-10-2025
1107,B099Z83VRC,392,3,12-07-2025
1108,B00S9BSJC8,229,1,12-11-2025
1109,B0B4SJKRDF,129,6,18-10-2023
1110,B0BM4KTNL1,158,12,02-04-2025
1111,B08S6RKT4L,450,4,01-11-2024
1112,B09SZ5TWHW,345,1,02-09-2023
1113,B0BLC2BYPX,203,11,21-08-2025
1114,B00P0R95EA,244,1,24-04-2023
1115,B07W4HTS8Q,392,11,31-01-2023
1116,B078JBK4GX,20,9,28-02-2025
1117,B08S7V8YTN,238,5,12-06-2025
1118,B07H5PBN54,116,11,24-06-2024
1119,B07YCBSCYB,414,10,23-10-2024
1120,B098T9CJVQ,142,6,07-04-2024
1121,B01KCSGBU2,471,2,06-10-2025
1122,B095XCRDQW,358,11,12-04-2025
1123,B09CTWFV5W,481,6,20-08-2023
1124,B0B7NWGXS6,105,4,21-05-2025
1125,B07DZ986Q2,9,7,08-03-2025
1126,B07KKJPTWB,8,12,16-06-2023
1127,B071R3LHFM,432,4,11-06-2023
1128,B086X18Q71,109,2,02-12-2023
1129,B07WVQG8WZ,97,1,04-01-2024
1130,B0BFBNXS94,455,7,11-04-2024
1131,B071113J7M,81,7,14-10-2025
1132,B09YLWT89W,144,8,28-10-2025
1133,B0814LP6S9,20,9,13-04-2024
1134,B07BKSSDR2,210,10,26-06-2023
1135,B09VGS66FV,101,6,28-03-2023
1136,B07RCGTZ4M,106,12,28-02-2023
1137,B0747VDH9L,496,3,10-07-2024
1138,B08XLR6DSB,204,3,31-03-2023
1139,B08H6CZSHT,368,10,05-11-2025
1140,B07CVR2L5K,373,9,04-12-2024
1141,B09J4YQYX3,140,3,19-01-2023
1142,B0B2DD8BQ8,457,9,20-08-2024
1143,B0123P3PWE,416,2,07-11-2024
1144,B08HDCWDXD,337,7,07-06-2023
1145,B0836JGZ74,368,9,12-12-2025
1146,B0BCKJJN8R,299,3,01-04-2024
1147,B008P7IF02,416,2,30-05-2023
1148,B08CNLYKW5,404,4,01-10-2024
1149,B08C7TYHPB,253,9,12-02-2025
1150,B08VJFYH6N,270,8,09-12-2024
1151,B08235JZFB,99,12,23-04-2024
1152,B078XFKBZL,197,7,25-06-2024
1153,B01M265AAK,219,12,15-09-2025
1154,B0B694PXQJ,271,3,28-03-2025
1155,B00B3VFJY2,27,1,01-03-2024
1156,B08W9BK4MD,106,8,26-09-2025
1157,B09X5HD5T1,122,9,30-01-2023
1158,B08H6B3G96,407,8,16-07-2025
1159,B09N3BFP4M,433,7,18-08-2024
1160,B09DSQXCM8,118,9,04-07-2024
1161,B01M69WCZ6,8,9,30-11-2024
1162,B0BM9H2NY9,436,3,27-11-2025
1163,B099FDW2ZF,344,8,31-01-2025
1164,B0B935YNR7,144,5,04-03-2023
1165,B07JGCGNDG,399,6,21-11-2024
1166,B08L12N5H1,83,9,03-06-2024
1167,B07GWTWFS2,188,11,18-05-2024
1168,B09KRHXTLN,276,8,14-11-2025
1169,B09H34V36W,88,2,04-06-2024
1170,B09J2QCKKM,297,5,07-04-2023
1171,B09XRBJ94N,438,9,23-04-2024
1172,B07SLNG3LW,178,5,02-04-2023
1173,B0BNDGL26T,431,10,21-07-2025
1174,B095PWLLY6,381,9,24-06-2024
1175,B07Y9PY6Y1,118,1,12-11-2025
1176,B0BJ966M5K,266,7,03-09-2023
1177,B086GVRP63,466,9,12-04-2023
1178,B08MVXPTDG,395,12,28-02-2023
1179,B0BMZ6SY89,188,12,17-08-2025
1180,B09P1MFKG1,293,4,26-03-2024
1181,B01LY9W8AF,392,7,08-01-2025
1182,B07ZJND9B9,390,7,13-07-2025
1183,B0B2CWRDB1,489,1,19-01-2023
1184,B072NCN9M4,92,8,31-05-2024
1185,B08SKZ2RMG,302,9,23-03-2023
1186,B0B53DS4TF,308,7,05-05-2024
1187,B08BJN4MP3,149,12,18-11-2024
1188,B0BCYQY9X5,449,11,12-12-2025
1189,B009UORDX4,323,4,06-09-2024
1190,B08VGDBF3B,400,9,18-03-2024
1191,B012ELCYUG,468,12,17-01-2023
1192,B07S9M8YTY,111,7,21-01-2025
1193,B0B19VJXQZ,128,8,18-04-2024
1194,B00SMFPJG0,479,12,12-06-2023
1195,B0BHYLCL19,253,9,04-03-2025
1196,B0BPJBTB3F,131,8,25-03-2023
1197,B08MXJYB2V,176,11,07-05-2023
1198,B081B1JL35,128,6,26-09-2024
1199,B09VL9KFDB,299,3,26-09-2023
1200,B0B1MDZV9C,263,3,29-01-2025
1201,B08TT63N58,297,2,20-06-2024
1202,B08YK7BBD2,279,1,10-08-2024
1203,B07YQ5SN4H,132,6,06-07-2025
1204,B0B7FJNSZR,49,11,21-12-2023
1205,B01N6IJG0F,293,4,03-11-2025
1206,B0B84QN4CN,396,12,20-07-2023
1207,B0B8ZM9RVV,177,9,23-03-2023
1208,B01892MIPA,199,9,11-09-2025
1209,B08ZHYNTM1,413,10,29-03-2025
1210,B09SDDQQKP,411,7,10-06-2024
1211,B0B5RP43VN,281,5,15-05-2023
1212,B096NTB9XT,196,6,19-06-2023
1213,B078JF6X9B,32,5,17-10-2025
1214,B08CGW4GYR,338,8,01-08-2023
1215,B00A328ENA,390,5,15-07-2025
1216,B0763K5HLQ,15,6,31-08-2023
1217,B09PDZNSBG,210,4,01-04-2025
1218,B085LPT5F4,210,3,23-09-2023
1219,B0B9RZ4G4W,216,4,20-07-2024
1220,B0085W2MUQ,92,6,07-03-2023
1221,B09474JWN6,277,12,06-10-2025
1222,B09G2VTHQM,172,4,28-04-2025
1223,B07R679HTT,246,9,17-11-2024
1224,B00B7GKXMG,214,7,24-02-2025
1225,B07H3N8RJH,461,4,31-07-2025
1226,B07K2HVKLL,429,1,23-05-2025
1227,B09MQ9PDHR,471,3,24-03-2024
1228,B014HDJ7ZE,56,11,17-07-2023
1229,B07D2NMTTV,141,6,07-12-2023
1230,B075K76YW1,42,6,29-05-2025
1231,B0BNLFQDG2,247,10,16-07-2024
1232,B082ZQ4479,439,5,04-11-2025
1233,B09Y358DZQ,352,12,27-06-2024
1234,B09M3F4HGB,278,11,27-07-2023
1235,B07VZH6ZBB,33,10,13-12-2024
1236,B07F366Z51,262,4,21-04-2025
1237,B077BTLQ67,246,12,21-11-2023
1238,B07YSJ7FF1,482,3,08-05-2025
1239,B07TXCY3YK,301,11,27-12-2025
1240,B07TC9F7PN,261,3,30-04-2023
1241,B09NS5TKPN,248,2,25-03-2024
1242,B00LP9RFSU,191,10,26-02-2023
1243,B0B7L86YCB,5,3,07-05-2025
1244,B09VPH38JS,115,12,09-02-2024
1245,B01MUAUOCX,10,5,09-11-2025
1246,B09MB3DKG1,362,4,01-07-2025
1247,B08QHLXWV3,473,8,08-11-2023
1248,B07G147SZD,65,5,11-01-2024
1249,B09LH32678,357,8,25-01-2024
1250,B09R1YFL6S,491,9,08-10-2024
1251,B07Q4NJQC5,52,7,20-07-2023
1252,B097RN7BBK,176,10,02-10-2023
1253,B097MKZHNV,470,12,10-03-2025
1254,B07LG96SDB,481,2,02-07-2025
1255,B08KS2KQTK,188,2,28-10-2025
1256,B095K14P86,137,11,01-09-2023
1257,B08K36NZSV,226,8,23-06-2025
1258,B07LDPLSZC,196,4,02-09-2023
1259,B07F1T31ZZ,352,6,27-08-2023
1260,B0BNDRK886,268,1,11-02-2024
1261,B09ZVJXN5L,72,11,02-04-2025
1262,B08JKPVDKL,261,7,09-08-2025
1263,B09JFR8H3Q,47,9,16-08-2023
1264,B07LDN9Q2P,289,3,15-05-2023
1265,B08T8KWNQ9,351,12,17-04-2024
1266,B07Y1RCCW5,395,12,28-07-2024
1267,B0762HXMTF,18,3,03-07-2024
1268,B00K57MR22,328,12,07-06-2025
1269,B07TTSS5MP,342,9,04-04-2023
1270,B09ZDVL7L8,170,11,05-04-2024
1271,B09XHXXCFH,144,11,09-08-2025
1272,B0BL3R4RGS,191,11,10-03-2024
1273,B07P1BR7L8,31,9,17-09-2024
1274,B078WB1VWJ,396,9,07-10-2024
1275,B0BP89YBC1,81,1,17-08-2024
1276,B09W9V2PXG,312,6,05-09-2024
1277,B09XTQFFCG,472,10,29-05-2024
1278,B08LVVTGZK,257,8,02-01-2024
1279,B07J2BQZD6,474,8,06-03-2025
1280,B07HK53XM4,221,8,25-11-2024
1281,B08RDWBYCQ,116,9,08-10-2024
1282,B09FHHTL8L,209,9,18-04-2025
1283,B0BHNHMR3H,39,5,24-11-2025
1284,B07D8VBYB4,330,4,02-12-2024
1285,B0B3TBY2YX,344,5,24-09-2023
1286,B088WCFPQF,441,4,28-06-2023
1287,B07JZSG42Y,250,4,20-02-2024
1288,B08YRMBK9R,411,3,21-01-2024
1289,B00935MGHS,337,5,20-03-2025
1290,B07B5XJ572,266,2,17-04-2023
1291,B086199CWG,158,5,04-09-2024
1292,B0BBWJFK5C,393,3,04-05-2023
1293,B07GLS2563,266,5,18-02-2023
1294,B09P182Z2H,407,8,15-10-2023
1295,B0B59K1C8F,182,10,23-04-2024
1296,B06Y36JKC3,292,3,12-08-2023
1297,B075S9FVRY,161,8,10-07-2023
1298,B08SJVD8QD,219,5,04-11-2025
1299,B07FJNNZCJ,364,9,19-07-2024
1300,B09MFR93KS,288,7,01-12-2023
1301,B07Y5FDPKV,412,3,12-06-2023
1302,B0756KCV5K,404,6,26-01-2023
1303,B0BJ6P3LSK,345,9,31-10-2023
1304,B09HS1NDRQ,14,1,05-07-2025
1305,B018SJJ0GE,294,1,04-09-2023
1306,B09FPP3R1D,80,5,10-02-2025
1307,B01F7B2JCI,385,6,23-05-2025
1308,B09NNZ1GF7,463,2,08-11-2023
1309,B01CS4A5V4,446,3,16-09-2023
1310,B0BL11S5QK,207,3,23-12-2024
1311,B09BL2KHQW,148,4,31-05-2024
1312,B081RLM75M,212,3,02-08-2025
1313,B07SYYVP69,370,1,16-11-2023
1314,B0BDZWMGZ1,214,6,18-05-2025
1315,B078JT7LTD,187,7,17-06-2024
1316,B09WF4Q7B3,400,8,11-05-2025
1317,B092R48XXB,472,4,21-04-2023
1318,B00KIDSU8S,497,1,20-06-2025
1319,B0977CGNJJ,24,2,19-06-2025
1320,B08WWKM5HQ,289,6,15-04-2023
1321,B015GX9Y0W,247,6,17-01-2025
1322,B089BDBDGM,465,9,23-04-2024
1323,B0BPBG712X,487,12,18-12-2025
1324,B00JBNZPFM,175,12,22-09-2023
1325,B08N6P8G5K,284,5,16-07-2025
1326,B07NPBG1B4,234,2,26-02-2024
1327,B01MRARGBW,243,11,30-07-2023
1328,B07VZYMQNZ,431,11,27-05-2023
1329,B01L7C4IU2,437,12,18-12-2024
1330,B09H7JDJCW,316,2,06-04-2025
1331,B07F6GXNPB,367,12,09-05-2023
1332,B0B97D658R,431,9,25-08-2025
1333,B09NFSHCWN,256,9,15-06-2023
1334,B076VQS87V,410,6,25-09-2025
1335,B09LMMFW3S,389,2,31-10-2025
1336,B0BBLHTRM9,281,10,06-01-2025
1337,B0BJYSCWFQ,270,11,02-09-2023
1338,B0187F2IOK,71,4,29-05-2025
1339,B0B8CB7MHW,238,9,25-02-2024
1340,B07K19NYZ8,29,9,01-07-2024
1341,B08ZXZ362Z,34,10,06-08-2025
1342,B00GHL8VP2,244,2,15-01-2025
1343,B0B9JZW1SQ,439,7,06-12-2024
1344,B00TI8E7BI,389,2,29-12-2023
1345,B07J9KXQCC,487,1,20-01-2023
1346,B0B3JSWG81,132,8,08-02-2023
1347,B08L7J3T31,403,10,24-05-2023
1348,B01M6453MB,22,7,19-08-2024
1349,B009P2LIL4,458,7,03-11-2024
1350,B00J5DYCCA,173,10,22-11-2025
1351,B01486F4G6,414,1,20-03-2023
